State,County,LitAvg,NumAvg,Pop,Education,Industry,Pov,NoIns,MedIncome,Unemployment,VCR,JPR,Size
NC,Alamance County,261.3,244.4,157.844,0.57,Mgmt/Bus/Art,0.176,0.129,57.96,0.045,418.4,40.785,Small/Mid
NC,Alexander County,257.6,242.5,37.159,0.42,Prod/Trans,0.147,0.11,54.96,0.049,240.2,32.472,Small/Mid
NC,Alleghany County,257,241.6,10.935,0.481,Mgmt/Bus/Art,0.21,0.142,41.42,0.04,197.4,41.203,Rural
NC,Anson County,239.4,216.8,25.531,0.388,Prod/Trans,0.227,0.148,40.83,0.092,578.5,28.21,Rural
NC,Ashe County,261.6,246,26.833,0.536,Mgmt/Bus/Art,0.194,0.139,41.54,0.047,217.3,98.553,Rural
NC,Avery County,257.4,243.1,17.535,0.505,Mgmt/Bus/Art,0.147,0.163,45.82,0.032,134.2,31.34,Rural
NC,Beaufort County,257.6,238.9,47.316,0.524,Mgmt/Bus/Art,0.191,0.123,49.41,0.066,210,30.921,Rural
NC,Bertie County,238,215.9,19.913,0.39,Prod/Trans,0.22,0.133,37.9,0.079,266.6,33.249,Rural
NC,Bladen County,247.2,227.3,34.13,0.463,Mgmt/Bus/Art,0.245,0.123,42.26,0.053,249.7,36.262,Rural
NC,Brunswick County,269.1,253.9,122.586,0.617,Mgmt/Bus/Art,0.141,0.125,63.71,0.056,600,39.533,Small/Mid
NC,Buncombe County,275.2,261.3,252.268,0.669,Mgmt/Bus/Art,0.132,0.115,55.45,0.037,343.6,31.108,Small/Mid
NC,Burke County,257.8,242.6,88.898,0.502,Mgmt/Bus/Art,0.193,0.13,47.89,0.066,232.3,37.2,Small/Mid
NC,Cabarrus County,270.5,256,196.716,0.639,Mgmt/Bus/Art,0.115,0.089,72.07,0.053,131.6,26.708,Suburban
NC,Caldwell County,257.4,243.1,81.805,0.465,Prod/Trans,0.164,0.14,48.51,0.055,194.4,34.034,Small/Mid
NC,Camden County,267.1,254.2,10.336,0.591,Mgmt/Bus/Art,0.09,0.104,69.61,0.066,105.3,47.789,Rural
NC,Carteret County,274.2,260.3,68.699,0.651,Mgmt/Bus/Art,0.125,0.122,60.06,0.06,191.3,35.056,Rural
NC,Caswell County,247.5,229.3,22.833,0.444,Mgmt/Bus/Art,0.213,0.099,51.24,0.06,114,2.089,Rural
NC,Catawba County,263.6,249.1,156.182,0.537,Mgmt/Bus/Art,0.142,0.113,53.69,0.055,196.8,26.755,Small/Mid
NC,Chatham County,271.2,257,68.364,0.66,Mgmt/Bus/Art,0.133,0.125,70.26,0.043,212.8,14.828,Small/Mid
NC,Cherokee County,262.5,247.3,27.463,0.512,Mgmt/Bus/Art,0.168,0.162,42.76,0.052,302.1,81.266,Rural
NC,Chowan County,249.8,229.2,14.37,0.488,Mgmt/Bus/Art,0.228,0.137,47.13,0.085,416.3,27.758,Rural
NC,Clay County,265.4,249.2,10.753,0.557,Mgmt/Bus/Art,0.175,0.156,47.12,0.05,193,47.316,Rural
NC,Cleveland County,256.8,238.7,97.038,0.489,Mgmt/Bus/Art,0.199,0.13,46.01,0.075,106.7,43.53,Rural
NC,Columbus County,248.7,228.8,56.589,0.475,Mgmt/Bus/Art,0.236,0.151,39.53,0.043,369,43.1,Rural
NC,Craven County,266.7,250.6,103.374,0.618,Mgmt/Bus/Art,0.154,0.119,53.37,0.053,310.9,43.923,Small/Mid
NC,Cumberland County,264.9,245.8,332.766,0.645,Mgmt/Bus/Art,0.182,0.112,46.6,0.062,786.6,34.1,Small/Mid
NC,Currituck County,271,258.2,25.247,0.592,Mgmt/Bus/Art,0.091,0.129,70.7,0.036,232.5,17.53,Suburban
NC,Dare County,277.2,263.5,35.412,0.676,Mgmt/Bus/Art,0.089,0.16,63.03,0.04,156.8,36.947,Rural
NC,Davidson County,260.7,245.3,164.118,0.498,Mgmt/Bus/Art,0.158,0.115,53.92,0.063,163.5,24.25,Small/Mid
NC,Davie County,267.4,252.7,41.766,0.557,Mgmt/Bus/Art,0.14,0.113,63.83,0.05,160,17.026,Small/Mid
NC,Duplin County,239.1,218.9,59.35,0.406,Mgmt/Bus/Art,0.263,0.193,44.93,0.068,147,38.33,Rural
NC,Durham County,269.1,251.6,300.865,0.707,Mgmt/Bus/Art,0.164,0.131,65.54,0.045,703.6,22.645,Small/Mid
NC,Edgecombe County,239.1,216.3,54.032,0.415,Mgmt/Bus/Art,0.246,0.126,40.78,0.073,931.4,65.687,Small/Mid
NC,Forsyth County,265,247.1,368.362,0.632,Mgmt/Bus/Art,0.187,0.116,53.05,0.051,765.7,31.097,Small/Mid
NC,Franklin County,259.2,242.2,63.866,0.542,Mgmt/Bus/Art,0.164,0.125,57.37,0.052,157.4,39.907,Suburban
NC,Gaston County,261.1,245,214.049,0.533,Mgmt/Bus/Art,0.165,0.123,56.54,0.062,414.5,33.518,Suburban
NC,Gates County,258.3,241.3,11.601,0.503,Mgmt/Bus/Art,0.124,0.104,54.2,0.063,204,10.31,Suburban
NC,Graham County,252,235.9,8.607,0.445,Service,0.19,0.17,45.81,0.053,134.7,13.761,Rural
NC,Granville County,257,240.2,58.503,0.522,Mgmt/Bus/Art,0.143,0.095,54.3,0.045,318.6,23.364,Rural
NC,Greene County,241.3,220.7,21.059,0.439,Mgmt/Bus/Art,0.258,0.161,44.65,0.059,309.2,52.68,Rural
NC,Guilford County,266.6,249,517.197,0.648,Mgmt/Bus/Art,0.167,0.113,55.82,0.05,651.8,25.468,Small/Mid
NC,Halifax County,238,215.6,52.3,0.397,Mgmt/Bus/Art,0.268,0.123,38.73,0.063,398,32.61,Rural
NC,Harnett County,261,243.5,128.753,0.558,Mgmt/Bus/Art,0.18,0.119,55.62,0.06,198,23.551,Rural
NC,Haywood County,269.5,254.9,59.854,0.596,Mgmt/Bus/Art,0.166,0.124,51.61,0.036,342.7,30.443,Small/Mid
NC,Henderson County,273.7,260.3,112.156,0.648,Mgmt/Bus/Art,0.118,0.124,61.65,0.026,155,30.201,Small/Mid
NC,Hertford County,243.4,221.2,24.262,0.476,Mgmt/Bus/Art,0.233,0.124,42.37,0.064,406.5,56.729,Rural
NC,Hoke County,256.7,236.9,52.571,0.567,Mgmt/Bus/Art,0.219,0.138,48.42,0.073,260,44.781,Small/Mid
NC,Hyde County,246,226.4,5.507,0.406,Mgmt/Bus/Art,0.203,0.135,43.11,0.051,247,28.737,Rural
NC,Iredell County,269.5,254.8,169.798,0.601,Mgmt/Bus/Art,0.127,0.107,68.31,0.056,266.9,24.395,Suburban
NC,Jackson County,266,249.7,41.725,0.616,Mgmt/Bus/Art,0.216,0.138,47.76,0.032,249,19.057,Rural
NC,Johnston County,262.5,246.5,186.308,0.562,Mgmt/Bus/Art,0.145,0.134,62.84,0.049,187.4,13.529,Suburban
NC,Jones County,255.2,235.6,9.776,0.529,Mgmt/Bus/Art,0.264,0.157,46.28,0.077,197,45.06,Small/Mid
NC,Lee County,257.8,241.2,59.805,0.563,Mgmt/Bus/Art,0.175,0.148,53.11,0.056,166.1,24.351,Rural
NC,Lenoir County,247.8,226.6,57.934,0.482,Mgmt/Bus/Art,0.223,0.146,39.95,0.083,468,62.295,Rural
NC,Lincoln County,264.6,250.2,80.504,0.535,Mgmt/Bus/Art,0.152,0.118,70.48,0.06,217.1,25.457,Suburban
NC,McDowell County,259.2,243.6,45.069,0.494,Prod/Trans,0.193,0.124,46.37,0.05,171.7,39.819,Rural
NC,Macon County,263.7,246.4,34.16,0.563,Mgmt/Bus/Art,0.177,0.156,46.28,0.032,72,21.243,Small/Mid
NC,Madison County,263.5,248.8,21.347,0.527,Mgmt/Bus/Art,0.178,0.107,50.06,0.05,450,55.241,Rural
NC,Martin County,250,229.9,23.227,0.474,Mgmt/Bus/Art,0.192,0.116,39.41,0.065,151.8,33.248,Rural
NC,Mecklenburg County,270.6,254.1,1034.29,0.72,Mgmt/Bus/Art,0.134,0.131,69.46,0.054,688.1,20.655,Urban
NC,Mitchell County,262.3,248.2,15.155,0.498,Mgmt/Bus/Art,0.154,0.132,47.68,0.032,13.6,39.814,Rural
NC,Montgomery County,248.3,230.3,27.445,0.448,Mgmt/Bus/Art,0.209,0.154,46.5,0.038,293.3,43.3,Rural
NC,Moore County,273.4,259,94.191,0.673,Mgmt/Bus/Art,0.133,0.103,63.94,0.047,174.1,21.914,Rural
NC,Nash County,255.2,236.4,94.125,0.514,Mgmt/Bus/Art,0.159,0.118,50.9,0.059,237,36.132,Small/Mid
NC,New Hanover County,275.6,259.7,219.866,0.704,Mgmt/Bus/Art,0.18,0.112,57.25,0.054,436.1,36.01,Small/Mid
NC,Northampton County,238.5,215.6,20.426,0.41,Mgmt/Bus/Art,0.254,0.148,39.78,0.061,355,47.704,Rural
NC,Onslow County,269.9,253.7,192.685,0.622,Mgmt/Bus/Art,0.141,0.1,50.65,0.054,269.3,22.777,Small/Mid
NC,Orange County,283,269.7,141.812,0.774,Mgmt/Bus/Art,0.14,0.08,74.31,0.039,152.4,12.709,Small/Mid
NC,Pamlico County,263.3,247,12.803,0.558,Mgmt/Bus/Art,0.151,0.145,52.52,0.054,184.9,138.7,Small/Mid
NC,Pasquotank County,256.7,237.3,39.546,0.539,Mgmt/Bus/Art,0.181,0.135,51.25,0.046,389.1,47.783,Rural
NC,Pender County,264.7,248.6,57.63,0.579,Mgmt/Bus/Art,0.158,0.13,60.41,0.061,191,16.143,Small/Mid
NC,Perquimans County,260.4,242.6,13.506,0.546,Mgmt/Bus/Art,0.188,0.124,50.8,0.058,281,47.777,Rural
NC,Person County,255.4,237.1,39.24,0.485,Mgmt/Bus/Art,0.181,0.105,54.55,0.083,293.5,55.05,Small/Mid
NC,Pitt County,264.2,244.4,176.484,0.655,Mgmt/Bus/Art,0.243,0.12,52.96,0.075,366,38.182,Small/Mid
NC,Polk County,273.7,260.4,20.434,0.641,Mgmt/Bus/Art,0.109,0.12,53.41,0.047,55.7,24.247,Rural
NC,Randolph County,256.5,241,142.827,0.463,Mgmt/Bus/Art,0.167,0.141,50.13,0.045,558.4,31.958,Small/Mid
NC,Richmond County,247.1,226.4,45.447,0.44,Mgmt/Bus/Art,0.261,0.141,40.52,0.068,767.6,35.295,Rural
NC,Robeson County,244.8,224.3,134.187,0.423,Mgmt/Bus/Art,0.292,0.16,36.37,0.059,311.7,45.455,Rural
NC,Rockingham County,253.7,237,91.566,0.467,Mgmt/Bus/Art,0.185,0.112,44.69,0.051,345.6,28.526,Small/Mid
NC,Rowan County,258.8,242.1,138.94,0.514,Mgmt/Bus/Art,0.168,0.129,52.05,0.067,236,31.291,Suburban
NC,Rutherford County,258.4,242.5,66.523,0.49,Mgmt/Bus/Art,0.196,0.123,44.55,0.059,437.5,49.283,Rural
NC,Sampson County,244.2,224.2,63.664,0.434,Mgmt/Bus/Art,0.243,0.175,46,0.07,607.5,54.05,Rural
NC,Scotland County,245.2,223.7,35.445,0.454,Mgmt/Bus/Art,0.298,0.127,39.2,0.074,327.6,48.189,Rural
NC,Stanly County,260.2,244.3,60.875,0.513,Mgmt/Bus/Art,0.157,0.121,58.3,0.06,191,19.842,Rural
NC,Stokes County,256.7,241.4,46.124,0.427,Mgmt/Bus/Art,0.139,0.124,52.36,0.053,170,32.123,Small/Mid
NC,Surry County,257.4,243,72.315,0.483,Mgmt/Bus/Art,0.176,0.133,48.64,0.036,369.6,27.914,Rural
NC,Swain County,251.5,234.5,14.208,0.478,Service,0.209,0.211,46.08,0.046,156.6,118.457,Rural
NC,Transylvania County,268.6,253.9,33.291,0.603,Mgmt/Bus/Art,0.155,0.161,55.63,0.049,93.9,35.598,Rural
NC,Tyrrell County,230.5,208.2,4.09,0.327,Service,0.268,0.173,37.68,0.054,281.9,22.371,Rural
NC,Union County,274,259.4,222.095,0.645,Mgmt/Bus/Art,0.094,0.099,86.14,0.047,756.1,14.787,Suburban
NC,Vance County,239.4,217.9,44.42,0.409,Sales/Office,0.23,0.115,40.45,0.081,250,56.346,Rural
NC,Wake County,281.4,267.9,1023.811,0.767,Mgmt/Bus/Art,0.101,0.096,84.38,0.039,231.7,16.206,Urban
NC,Warren County,243.6,222.1,20.19,0.455,Mgmt/Bus/Art,0.223,0.14,37.03,0.05,185,24.618,Rural
NC,Washington County,239.4,218,12.331,0.414,Prod/Trans,0.241,0.127,40.16,0.071,111.3,28.739,Rural
NC,Watauga County,273.4,257.2,53.421,0.687,Mgmt/Bus/Art,0.283,0.094,51.63,0.054,414.2,18.716,Rural
NC,Wayne County,255.2,236.1,124.496,0.535,Mgmt/Bus/Art,0.212,0.137,45.63,0.068,232,27.214,Small/Mid
NC,Wilkes County,256.5,241.3,68.525,0.464,Mgmt/Bus/Art,0.209,0.123,45.25,0.052,339.3,28.001,Rural
NC,Wilson County,247.7,227.7,81.379,0.477,Mgmt/Bus/Art,0.206,0.138,42.41,0.059,226.2,39.053,Rural
NC,Yadkin County,255.3,240.2,37.825,0.447,Mgmt/Bus/Art,0.173,0.132,50.93,0.04,48.8,13.978,Small/Mid
NC,Yancey County,260.3,244.7,17.605,0.497,Mgmt/Bus/Art,0.196,0.143,47.66,0.059,146,29.124,Rural
SC,Abbeville County,249.8,232.4,24.788,0.442,Mgmt/Bus/Art,0.227,0.121,46.5,0.062,265,49.352,Rural
SC,Aiken County,261.8,245.4,165.707,0.545,Mgmt/Bus/Art,0.167,0.116,56.82,0.066,492,30.64,Small/Mid
SC,Allendale County,226.8,201.6,9.402,0.341,Service,0.304,0.145,32.15,0.092,1013,64.236,Rural
SC,Anderson County,262.9,248.3,194.174,0.529,Mgmt/Bus/Art,0.156,0.114,54.5,0.05,448,37.41,Small/Mid
SC,Bamberg County,243.6,222,14.842,0.471,Mgmt/Bus/Art,0.245,0.16,35.36,0.042,562,35.56,Rural
SC,Barnwell County,245.4,224.2,21.788,0.448,Sales/Office,0.27,0.148,36.68,0.067,887,52.008,Rural
SC,Beaufort County,273.4,258.6,179.316,0.704,Mgmt/Bus/Art,0.119,0.131,73.89,0.047,378,18.251,Small/Mid
SC,Berkeley County,265.7,250.1,204.632,0.584,Mgmt/Bus/Art,0.128,0.121,68.69,0.047,258,29.838,Small/Mid
SC,Calhoun County,252.9,233.1,14.808,0.467,Mgmt/Bus/Art,0.183,0.122,47.09,0.046,529,43.285,Small/Mid
SC,Charleston County,271.9,256,387.847,0.684,Mgmt/Bus/Art,0.153,0.123,70.98,0.04,505,42.697,Small/Mid
SC,Cherokee County,251.2,234.4,56.549,0.417,Mgmt/Bus/Art,0.22,0.126,46.91,0.051,407,49.731,Rural
SC,Chester County,248.1,229.1,32.424,0.414,Prod/Trans,0.218,0.12,45.4,0.067,667,22.764,Suburban
SC,Chesterfield County,242.7,223.5,46.127,0.357,Prod/Trans,0.238,0.132,42.44,0.064,545,27.506,Rural
SC,Clarendon County,244.8,224.2,34.156,0.426,Mgmt/Bus/Art,0.233,0.123,39.9,0.073,607,27.718,Rural
SC,Colleton County,248.2,227.2,37.581,0.449,Mgmt/Bus/Art,0.223,0.129,40.81,0.068,674,60.204,Rural
SC,Darlington County,249.9,230.4,67.572,0.459,Mgmt/Bus/Art,0.227,0.129,44.01,0.094,902,38.581,Small/Mid
SC,Dillon County,236.6,214.6,31.073,0.366,Prod/Trans,0.306,0.168,35.48,0.057,1047,91.973,Rural
SC,Dorchester County,269.2,254.2,151.716,0.621,Mgmt/Bus/Art,0.118,0.107,68.05,0.046,305,21.833,Small/Mid
SC,Edgefield County,252,234.9,26.62,0.455,Mgmt/Bus/Art,0.155,0.1,52.59,0.04,40,28.217,Small/Mid
SC,Fairfield County,243.6,221.9,22.868,0.437,Mgmt/Bus/Art,0.213,0.142,42.5,0.06,792,49.911,Small/Mid
SC,Florence County,254.3,235.6,138.537,0.512,Mgmt/Bus/Art,0.196,0.106,49.77,0.07,821,36.168,Small/Mid
SC,Georgetown County,260.8,243.3,61.065,0.578,Mgmt/Bus/Art,0.187,0.143,53.75,0.069,515,56.336,Rural
SC,Greenville County,269.1,254.8,490.332,0.624,Mgmt/Bus/Art,0.135,0.122,64.4,0.041,489,37.911,Small/Mid
SC,Greenwood County,255.1,236.1,69.981,0.526,Mgmt/Bus/Art,0.242,0.148,43.96,0.072,813,46.076,Rural
SC,Hampton County,240,218.9,20.066,0.381,Mgmt/Bus/Art,0.184,0.107,37.56,0.062,749,28.995,Rural
SC,Horry County,262.1,245.3,310.186,0.565,Sales/Office,0.17,0.156,53.65,0.054,456,36.685,Small/Mid
SC,Jasper County,239.6,218.4,27.465,0.439,Service,0.226,0.185,50.79,0.081,219,40.734,Small/Mid
SC,Kershaw County,258.8,242,63.734,0.495,Mgmt/Bus/Art,0.164,0.119,56.32,0.049,388,35.579,Small/Mid
SC,Lancaster County,261.9,246.1,86.544,0.527,Mgmt/Bus/Art,0.155,0.114,63.84,0.056,304,21.663,Suburban
SC,Laurens County,251.6,234.5,66.508,0.453,Mgmt/Bus/Art,0.207,0.124,47.04,0.057,606,58.679,Small/Mid
SC,Lee County,235.4,211.9,17.897,0.353,Prod/Trans,0.264,0.117,37.71,0.049,909,29.022,Rural
SC,Lexington County,271,256.8,281.87,0.605,Mgmt/Bus/Art,0.128,0.109,62.06,0.047,348,39.204,Small/Mid
SC,McCormick County,248.6,230.2,9.694,0.485,Mgmt/Bus/Art,0.201,0.089,48.65,0.084,180,36.44,Rural
SC,Marion County,240.7,218.6,31.765,0.43,Mgmt/Bus/Art,0.265,0.14,35.14,0.072,558,47.291,Rural
SC,Marlboro County,234.9,213.6,27.505,0.328,Prod/Trans,0.266,0.123,34.53,0.091,739,35.354,Rural
SC,Newberry County,249,230.9,37.914,0.431,Mgmt/Bus/Art,0.198,0.099,50.77,0.06,463,30.846,Rural
SC,Oconee County,262.8,248.1,75.926,0.532,Mgmt/Bus/Art,0.186,0.13,52.24,0.047,357,32.774,Rural
SC,Orangeburg County,249.8,227.9,89.116,0.519,Mgmt/Bus/Art,0.232,0.139,38.74,0.066,1113,43.291,Rural
SC,Pickens County,265.6,251.5,121.449,0.544,Mgmt/Bus/Art,0.183,0.104,52.95,0.046,340,31.29,Small/Mid
SC,Richland County,267.8,250.1,404.869,0.683,Mgmt/Bus/Art,0.167,0.1,52.91,0.056,857,29.479,Small/Mid
SC,Saluda County,246.1,228,20.228,0.425,Mgmt/Bus/Art,0.205,0.157,49.49,0.046,244,37.665,Small/Mid
SC,Spartanburg County,263.9,248.8,297.732,0.558,Mgmt/Bus/Art,0.156,0.12,55.59,0.047,493,38.038,Small/Mid
SC,Sumter County,253.5,234.1,107.379,0.523,Mgmt/Bus/Art,0.211,0.125,49.61,0.079,773,29.022,Small/Mid
SC,Union County,251.2,233.4,27.772,0.416,Prod/Trans,0.193,0.099,42.85,0.053,480,52.662,Small/Mid
SC,Williamsburg County,236.2,211.9,32.256,0.392,Sales/Office,0.282,0.117,34.41,0.06,428,53.611,Rural
SC,York County,274.7,260.1,251.664,0.625,Mgmt/Bus/Art,0.123,0.095,68.47,0.052,368,25.857,Suburban
VA,Accomack County,247.5,228.8,32.84,0.432,Mgmt/Bus/Art,0.198,0.167,47.34,0.039,1649.21,50.466,Rural
VA,Albemarle County,281.9,271.4,105.105,0.738,Mgmt/Bus/Art,0.098,0.076,86.33,0.023,1014.38,63.687,Small/Mid
VA,Alleghany County,261.2,246.1,15.489,0.471,Mgmt/Bus/Art,0.193,0.074,53.34,0.03,1057.32,87.216,Urban
VA,Amelia County,253.3,238.7,12.802,0.451,Sales/Office,0.13,0.128,60.1,0.024,1210.45,140.257,Rural
VA,Amherst County,258.2,244.2,31.819,0.497,Mgmt/Bus/Art,0.134,0.101,56.22,0.042,645.34,62.069,Suburban
VA,Appomattox County,259,244.4,15.462,0.489,Mgmt/Bus/Art,0.144,0.085,54.61,0.025,322.42,62.07,Small/Mid
VA,Arlington County,291.4,282.8,229.534,0.859,Mgmt/Bus/Art,0.082,0.078,118.99,0.027,520.33,25.355,Small/Mid
VA,Augusta County,263.9,251.6,74.39,0.486,Mgmt/Bus/Art,0.088,0.096,63.62,0.032,775.41,31.691,Urban
VA,Bath County,254.9,240.9,4.458,0.456,Service,0.093,0.136,54.39,0.053,254.75,87.232,Small/Mid
VA,Bedford County,271.9,260.3,77.319,0.59,Mgmt/Bus/Art,0.089,0.078,66.59,0.034,1118.59,62.069,Rural
VA,Bland County,262.2,249.5,6.524,0.478,Sales/Office,0.083,0.086,49.02,0.042,487.12,73.147,Small/Mid
VA,Botetourt County,275.9,264.9,33.149,0.596,Mgmt/Bus/Art,0.077,0.048,74.18,0.03,800.14,40.161,Rural
VA,Brunswick County,239.6,220,16.435,0.403,Mgmt/Bus/Art,0.209,0.087,43.84,0.049,300.76,132.051,Small/Mid
VA,Buchanan County,247,232.5,22.611,0.352,Mgmt/Bus/Art,0.265,0.136,36.88,0.043,1620.1,154.141,Small/Mid
VA,Buckingham County,239.3,222.1,17.048,0.354,Mgmt/Bus/Art,0.166,0.132,47.2,0.052,585.65,94.416,Rural
VA,Campbell County,263.7,250.8,55.158,0.528,Mgmt/Bus/Art,0.117,0.094,48.98,0.025,1076.06,62.068,Rural
VA,Caroline County,254.2,239.3,29.889,0.466,Mgmt/Bus/Art,0.119,0.086,64.65,0.045,1309.45,94.765,Small/Mid
VA,Carroll County,259.9,247.7,29.767,0.466,Mgmt/Bus/Art,0.146,0.129,45.7,0.028,665.82,73.141,Rural
VA,Charles City County,241.5,224.5,7.022,0.379,Mgmt/Bus/Art,0.132,0.1,56.47,0.047,327.82,326.372,Small/Mid
VA,Charlotte County,242.4,223.2,12.176,0.395,Mgmt/Bus/Art,0.227,0.135,43,0.049,1064.72,95.541,Suburban
VA,Chesterfield County,274.8,262.5,335.594,0.681,Mgmt/Bus/Art,0.072,0.078,81.64,0.045,1783.56,13.146,Rural
VA,Clarke County,268.6,256.8,14.331,0.585,Mgmt/Bus/Art,0.104,0.143,85.57,0.026,710.31,51.779,Suburban
VA,Craig County,267.1,254.6,5.131,0.492,Mgmt/Bus/Art,0.093,0.081,53.32,0.03,548.16,40.157,Rural
VA,Culpeper County,261.4,248.7,49.795,0.532,Mgmt/Bus/Art,0.089,0.108,79.74,0.047,1121.2,27.548,Small/Mid
VA,Cumberland County,250.2,232.1,9.797,0.438,Mgmt/Bus/Art,0.218,0.135,52.01,0.06,568.24,140.257,Suburban
VA,Dickenson County,246.5,232.6,15.181,0.371,Mgmt/Bus/Art,0.23,0.107,37.16,0.029,559.48,154.138,Suburban
VA,Dinwiddie County,249.9,233.3,28.033,0.443,Mgmt/Bus/Art,0.148,0.107,58.47,0.066,847.66,132.052,Suburban
VA,Essex County,253,237.4,11.083,0.472,Sales/Office,0.123,0.101,53.54,0.047,1189.04,99.451,Suburban
VA,Fairfax County,280.8,270.9,1142.004,0.792,Mgmt/Bus/Art,0.061,0.094,127.9,0.036,775.32,12.853,Rural
VA,Fauquier County,274.7,263.8,68.406,0.641,Mgmt/Bus/Art,0.062,0.083,103.83,0.031,942.19,51.778,Small/Mid
VA,Floyd County,265.3,253.5,15.594,0.51,Mgmt/Bus/Art,0.12,0.073,52.28,0.043,559.09,73.146,Suburban
VA,Fluvanna County,276.9,265.8,26.109,0.657,Mgmt/Bus/Art,0.061,0.08,75.09,0.036,872.85,44.656,Rural
VA,Franklin County,265.2,251.8,56.277,0.532,Mgmt/Bus/Art,0.148,0.112,61.88,0.041,1070.24,112.52,Rural
VA,Frederick County,269.8,258.9,83.784,0.558,Mgmt/Bus/Art,0.056,0.102,83.67,0.032,1061.58,51.779,Rural
VA,Giles County,262.6,249.7,16.867,0.489,Mgmt/Bus/Art,0.113,0.106,53.11,0.036,757.89,73.146,Suburban
VA,Gloucester County,269.1,256.9,37.035,0.571,Mgmt/Bus/Art,0.087,0.095,71.72,0.025,1469.4,38.495,Rural
VA,Goochland County,276.9,266.2,22.148,0.66,Mgmt/Bus/Art,0.053,0.048,100.44,0.024,472.9,57.389,Rural
VA,Grayson County,253.9,239,15.708,0.423,Prod/Trans,0.202,0.122,41.31,0.054,1087.73,73.146,Suburban
VA,Greene County,263.8,251.9,19.213,0.54,Mgmt/Bus/Art,0.094,0.149,73.35,0.051,1308.65,44.657,Suburban
VA,Greensville County,229.4,209.2,11.606,0.32,Service,0.17,0.13,47.32,0.03,622.37,111.284,Suburban
VA,Halifax County,247.5,230.2,35.03,0.438,Mgmt/Bus/Art,0.187,0.128,42.62,0.036,1004.98,62.068,Suburban
VA,Hanover County,279.6,269.3,103.218,0.667,Mgmt/Bus/Art,0.058,0.056,90.82,0.028,1234.16,63.048,Small/Mid
VA,Henrico County,273.5,260,324.073,0.691,Mgmt/Bus/Art,0.104,0.087,68.98,0.048,765.35,57.391,Small/Mid
VA,Henry County,252.3,236.8,51.956,0.459,Mgmt/Bus/Art,0.192,0.116,41.91,0.062,1040.79,56.357,Rural
VA,Highland County,265.4,254.3,2.213,0.489,Mgmt/Bus/Art,0.106,0.094,45.92,0.005,267.14,31.691,Small/Mid
VA,Isle of Wight County,268.5,255.9,36.09,0.597,Mgmt/Bus/Art,0.103,0.069,78.75,0.054,905.73,78.271,Small/Mid
VA,James City County,282,271,73.028,0.749,Mgmt/Bus/Art,0.075,0.076,92.77,0.038,1254.17,46.48,Suburban
VA,King and Queen County,251,233.7,7.052,0.436,Mgmt/Bus/Art,0.156,0.117,54.19,0.034,1072.15,99.455,Rural
VA,King George County,275.8,263.8,25.564,0.666,Mgmt/Bus/Art,0.057,0.075,85.66,0.037,1126.23,62.636,Small/Mid
VA,King William County,266.9,253.1,16.329,0.524,Mgmt/Bus/Art,0.109,0.068,73.04,0.03,869.67,94.416,Suburban
VA,Lancaster County,261.3,246.1,10.848,0.593,Mgmt/Bus/Art,0.11,0.114,55.07,0.032,1957.71,53.016,Suburban
VA,Lee County,249.1,234.3,24.428,0.41,Mgmt/Bus/Art,0.262,0.135,35.88,0.061,411.59,154.146,Rural
VA,Loudoun County,287.7,279.2,374.558,0.806,Mgmt/Bus/Art,0.037,0.068,151.81,0.031,781.05,13.64,Small/Mid
VA,Louisa County,256.4,243.5,34.813,0.496,Mgmt/Bus/Art,0.118,0.124,64.14,0.059,619.88,44.66,Rural
VA,Lunenburg County,242.5,225.8,12.369,0.394,Mgmt/Bus/Art,0.186,0.143,44.86,0.028,963.58,140.253,Rural
VA,Madison County,263.8,250.8,13.108,0.51,Mgmt/Bus/Art,0.098,0.146,66.4,0.043,898.05,44.663,Suburban
VA,Mathews County,271.9,259,8.83,0.581,Mgmt/Bus/Art,0.106,0.086,69.11,0.011,555.23,99.46,Suburban
VA,Mecklenburg County,251.2,234.5,30.959,0.483,Mgmt/Bus/Art,0.169,0.12,43.13,0.036,692.18,132.048,Small/Mid
VA,Middlesex County,263.1,249.7,10.71,0.551,Mgmt/Bus/Art,0.102,0.102,58.83,0.045,513.44,99.465,Suburban
VA,Montgomery County,276.5,262.1,97.692,0.692,Mgmt/Bus/Art,0.238,0.066,58.74,0.028,1007.26,12.199,Rural
VA,Nelson County,262.3,248.3,14.863,0.535,Mgmt/Bus/Art,0.149,0.116,55.8,0.027,1561.44,66.863,Rural
VA,New Kent County,273,261.4,20.523,0.585,Mgmt/Bus/Art,0.051,0.055,102.62,0.037,1161.88,57.388,Suburban
VA,Northampton County,249.2,231.1,11.998,0.477,Mgmt/Bus/Art,0.203,0.14,45.24,0.032,846.74,141.664,Suburban
VA,Northumberland County,263.5,247.5,12.254,0.584,Mgmt/Bus/Art,0.135,0.108,60.39,0.06,575.91,201.261,Suburban
VA,Nottoway County,241.2,223,15.537,0.389,Mgmt/Bus/Art,0.215,0.103,45.91,0.034,835.54,140.253,Rural
VA,Orange County,264.6,251.3,35.265,0.541,Mgmt/Bus/Art,0.089,0.12,71.69,0.051,668.13,44.658,Rural
VA,Page County,250.2,235.6,23.694,0.361,Sales/Office,0.17,0.124,52.88,0.061,712.58,55.585,Suburban
VA,Patrick County,255.6,241.7,17.958,0.444,Mgmt/Bus/Art,0.202,0.128,43.57,0.048,867.51,70.698,Rural
VA,Pittsylvania County,255.3,240.8,61.97,0.468,Mgmt/Bus/Art,0.147,0.098,51.68,0.051,865.55,29.276,Rural
VA,Powhatan County,273.6,262.5,28.364,0.602,Mgmt/Bus/Art,0.055,0.079,94.29,0.027,1121.64,94.416,Rural
VA,Prince Edward County,249.7,232.1,22.903,0.497,Mgmt/Bus/Art,0.214,0.098,44.59,0.029,688.18,140.256,Suburban
VA,Prince George County,262,245.9,37.704,0.566,Mgmt/Bus/Art,0.123,0.087,74.52,0.052,971.89,94.416,Rural
VA,Prince William County,268.2,255.4,450.763,0.68,Mgmt/Bus/Art,0.07,0.119,106.21,0.04,958.97,23.63,Rural
VA,Pulaski County,265.1,252.6,34.33,0.522,Mgmt/Bus/Art,0.139,0.089,54.09,0.049,2393.17,73.145,Small/Mid
VA,Rappahannock County,272.4,261,7.359,0.615,Mgmt/Bus/Art,0.089,0.143,79.09,0.024,686.34,85.82,Rural
VA,Richmond County,249.2,232.7,8.873,0.416,Mgmt/Bus/Art,0.174,0.11,49.76,0.036,174.06,201.264,Suburban
VA,Roanoke County,278.8,268.4,93.419,0.662,Mgmt/Bus/Art,0.08,0.06,71.74,0.038,1425.3,112.52,Suburban
VA,Rockbridge County,263.9,250.6,22.44,0.506,Mgmt/Bus/Art,0.156,0.11,58.5,0.038,835.56,51.363,Rural
VA,Rockingham County,261,249.2,78.653,0.475,Mgmt/Bus/Art,0.102,0.12,67.24,0.037,413.6,62.463,Suburban
VA,Russell County,257.6,245.2,27.725,0.431,Mgmt/Bus/Art,0.176,0.109,40.35,0.041,987.7,154.145,Rural
VA,Scott County,255.9,242.6,22.29,0.424,Sales/Office,0.177,0.111,41.29,0.041,877.03,154.145,Rural
VA,Shenandoah County,261.3,248.5,42.854,0.476,Mgmt/Bus/Art,0.103,0.104,59.09,0.042,1253.87,85.831,Small/Mid
VA,Smyth County,257,243,31.298,0.451,Mgmt/Bus/Art,0.174,0.108,41.96,0.043,702.09,154.142,Small/Mid
VA,Southampton County,255.7,241,18.089,0.511,Mgmt/Bus/Art,0.117,0.093,62.33,0.03,1080.93,93.401,Suburban
VA,Spotsylvania County,267.9,254.9,130.159,0.594,Mgmt/Bus/Art,0.08,0.091,90.26,0.043,704.42,62.636,Suburban
VA,Stafford County,278.2,266.7,141.159,0.714,Mgmt/Bus/Art,0.047,0.077,109.09,0.03,1478.02,62.636,Urban
VA,Surry County,255.3,238.6,6.67,0.524,Mgmt/Bus/Art,0.136,0.127,59.07,0.055,548.7,326.383,Rural
VA,Sussex County,233.9,215.6,11.595,0.327,Mgmt/Bus/Art,0.178,0.05,45.13,0.015,567.74,71.795,Rural
VA,Tazewell County,257.4,244.8,42.689,0.439,Mgmt/Bus/Art,0.156,0.119,43.62,0.05,1050.12,154.144,Rural
VA,Warren County,263.8,251.4,38.991,0.5,Mgmt/Bus/Art,0.098,0.11,69.88,0.046,1459.84,85.829,Rural
VA,Washington County,264.8,252.5,54.457,0.522,Mgmt/Bus/Art,0.146,0.102,52.39,0.047,649.61,154.144,Rural
VA,Westmoreland County,259,244.3,17.596,0.525,Mgmt/Bus/Art,0.095,0.126,54.89,0.058,692.93,201.268,Rural
VA,Wise County,254,241.3,39.539,0.433,Mgmt/Bus/Art,0.199,0.116,42.37,0.053,1101.93,154.143,Rural
VA,Wythe County,257.5,243.9,29.048,0.45,Mgmt/Bus/Art,0.152,0.119,48.54,0.045,653.09,73.142,Suburban
VA,York County,284.6,274.5,67.196,0.751,Mgmt/Bus/Art,0.052,0.057,91.54,0.046,904.81,46.48,Rural
VA,Alexandria City,280.1,267.6,154.71,0.795,Mgmt/Bus/Art,0.105,0.137,102.59,0.033,1129.74,35.148,Suburban
VA,Bristol City,261.4,246.5,17.077,0.508,Mgmt/Bus/Art,0.213,0.112,37.68,0.055,2908.68,148.862,Suburban
VA,Buena Vista City,250.4,234,6.495,0.407,Service,0.208,0.173,44.75,0.034,402.85,51.362,Suburban
VA,Charlottesville City,271.8,255.9,46.487,0.709,Mgmt/Bus/Art,0.245,0.092,58.72,0.026,1622.58,94.416,Rural
VA,Chesapeake City,272.1,258.2,235.41,0.663,Mgmt/Bus/Art,0.096,0.081,77.36,0.042,1993.12,66.382,Suburban
VA,Colonial Heights City,267.5,253.1,17.582,0.576,Mgmt/Bus/Art,0.132,0.105,57.69,0.081,2058.86,326.372,Suburban
VA,Covington City,252.5,235.8,5.675,0.415,Sales/Office,0.199,0.132,41.84,0.038,1598.17,63.685,Small/Mid
VA,Danville City,250.4,231.5,41.911,0.522,Mgmt/Bus/Art,0.215,0.113,36.07,0.072,2737.15,161.186,Small/Mid
VA,Emporia City,235.3,211.1,5.495,0.412,Mgmt/Bus/Art,0.309,0.213,38.63,0.146,2630.17,111.293,Suburban
VA,Fairfax City,282.2,272.5,23.58,0.782,Mgmt/Bus/Art,0.078,0.11,106.43,0.034,973.14,94.416,Urban
VA,Falls Church City,299.9,292.9,13.843,0.909,Mgmt/Bus/Art,0.029,0.029,137.85,0.028,851.3,25.353,Rural
VA,Franklin City,248.8,230.7,8.334,0.545,Mgmt/Bus/Art,0.166,0.106,45.43,0.121,2965.74,78.265,Small/Mid
VA,Fredericksburg City,268.8,253.3,28.135,0.684,Mgmt/Bus/Art,0.163,0.108,62.12,0.044,3136.83,62.637,Small/Mid
VA,Galax City,246.5,231.6,6.788,0.403,Prod/Trans,0.212,0.09,37.23,0.042,2826.59,73.14,Rural
VA,Hampton City,262.2,244.1,136.255,0.631,Mgmt/Bus/Art,0.149,0.11,55.82,0.057,1611.75,33.308,Small/Mid
VA,Harrisonburg City,256.4,238.6,53.064,0.579,Mgmt/Bus/Art,0.29,0.159,48.19,0.036,1194.51,94.416,Rural
VA,Hopewell City,246.7,228,22.353,0.462,Sales/Office,0.212,0.109,38.29,0.076,2196.5,326.376,Small/Mid
VA,Lexington City,268.8,256.2,7.113,0.609,Mgmt/Bus/Art,0.214,0.054,54.2,0.013,444.03,51.368,Small/Mid
VA,Lynchburg City,263.6,246.9,79.237,0.632,Mgmt/Bus/Art,0.223,0.102,50.61,0.051,2390.35,62.069,Rural
VA,Manassas City,253.7,240.1,41.379,0.563,Mgmt/Bus/Art,0.088,0.166,84.41,0.06,1882.32,23.63,Rural
VA,Manassas Park City,255,240.1,16.117,0.575,Mgmt/Bus/Art,0.103,0.218,83.15,0.048,847.56,23.632,Rural
VA,Martinsville City,248.1,228.6,13.256,0.509,Prod/Trans,0.24,0.148,37.81,0.061,2016.73,107.597,Suburban
VA,Newport News City,261.2,243.4,180.775,0.614,Mgmt/Bus/Art,0.164,0.119,53.02,0.054,2449.17,55.25,Suburban
VA,Norfolk City,259.7,240.4,245.752,0.615,Mgmt/Bus/Art,0.21,0.138,52.44,0.055,1929.78,61.04,Small/Mid
VA,Norton City,267.2,253.4,4.043,0.59,Sales/Office,0.257,0.097,38.06,0.1,1417.89,154.151,Suburban
VA,Petersburg City,236.1,212,32.037,0.472,Mgmt/Bus/Art,0.276,0.123,40.24,0.087,2227.17,326.378,Rural
VA,Poquoson City,287.4,278.3,12.022,0.714,Mgmt/Bus/Art,0.049,0.042,98.22,0.039,1113.35,46.479,Suburban
VA,Portsmouth City,253.9,235.2,95.536,0.567,Mgmt/Bus/Art,0.177,0.121,50.41,0.071,3129.59,212.918,Rural
VA,Radford City,266,247.3,17.38,0.652,Mgmt/Bus/Art,0.375,0.084,41.53,0.043,1258.04,73.144,Urban
VA,Richmond City,255.4,235.7,220.892,0.615,Mgmt/Bus/Art,0.252,0.149,50.95,0.065,1859.01,58.005,Suburban
VA,Roanoke City,254.9,237.2,99.572,0.532,Mgmt/Bus/Art,0.216,0.136,45.53,0.051,3918.55,89.641,Small/Mid
VA,Salem City,270.2,258.1,25.521,0.585,Mgmt/Bus/Art,0.089,0.078,54.89,0.037,1155.23,94.416,Small/Mid
VA,Staunton City,269.6,256.3,24.273,0.606,Mgmt/Bus/Art,0.133,0.099,54.3,0.028,1978.29,566.245,Rural
VA,Suffolk City,263.4,247.9,88.057,0.606,Mgmt/Bus/Art,0.112,0.081,77.85,0.051,2130.56,78.27,Suburban
VA,Virginia Beach City,277.6,265.3,450.057,0.715,Mgmt/Bus/Art,0.08,0.089,78.49,0.039,1196.97,48.79,Small/Mid
VA,Waynesboro City,259.2,243.5,21.62,0.531,Mgmt/Bus/Art,0.174,0.154,44.62,0.032,1636.39,31.687,Rural
VA,Williamsburg City,276.8,261.8,14.817,0.746,Mgmt/Bus/Art,0.215,0.055,56.57,0.041,1228.63,46.482,Rural
VA,Winchester City,259.1,245.7,27.516,0.564,Mgmt/Bus/Art,0.125,0.154,60.25,0.033,2657.91,51.777,Suburban
FL,Alachua County,271.8,255.1,259.865,0.7,Mgmt/Bus/Art,0.233,0.107,49.88,0.046,660.3,45.326,Small/Mid
FL,Baker County,254.1,238.4,27.537,0.426,Mgmt/Bus/Art,0.172,0.121,60.45,0.037,428.3,259.768,Suburban
FL,Bay County,265.2,250.3,180.117,0.582,Mgmt/Bus/Art,0.154,0.15,58.38,0.046,493.8,91.49,Small/Mid
FL,Bradford County,246.6,230.3,26.775,0.401,Mgmt/Bus/Art,0.188,0.15,47.51,0.043,390.5,75.048,Rural
FL,Brevard County,270.7,256.5,568.183,0.632,Mgmt/Bus/Art,0.134,0.12,57.58,0.055,374.1,44.975,Small/Mid
FL,Broward County,258.7,242.6,1890.416,0.614,Mgmt/Bus/Art,0.14,0.163,61.43,0.06,381.9,33.366,Suburban
FL,Calhoun County,242.4,227.5,14.458,0.37,Service,0.129,0.19,41.4,0.042,255.9,57.81,Rural
FL,Charlotte County,265.4,251.3,173.236,0.557,Sales/Office,0.12,0.127,54.76,0.062,201.9,69.425,Small/Mid
FL,Citrus County,260,244.8,141.373,0.496,Mgmt/Bus/Art,0.174,0.115,49.76,0.065,252.5,75.882,Small/Mid
FL,Clay County,269.3,255.8,203.291,0.599,Mgmt/Bus/Art,0.104,0.109,75.78,0.06,257.4,31.019,Suburban
FL,Collier County,259.7,245,356.774,0.601,Mgmt/Bus/Art,0.128,0.176,76.42,0.041,237.9,40.6,Small/Mid
FL,Columbia County,258.2,241.8,68.484,0.509,Mgmt/Bus/Art,0.168,0.133,47.09,0.061,503.6,45.953,Rural
FL,DeSoto County,228.6,208.4,35.675,0.301,NatResCon,0.299,0.215,41.67,0.037,474.3,73.614,Rural
FL,Dixie County,247,229.7,16.323,0.352,Mgmt/Bus/Art,0.237,0.175,39.79,0.03,440.9,81.007,Rural
FL,Duval County,264.2,247.7,912.043,0.615,Mgmt/Bus/Art,0.16,0.128,58.34,0.055,535.8,44.49,Urban
FL,Escambia County,268.5,253.6,309.924,0.633,Mgmt/Bus/Art,0.146,0.111,52.82,0.05,627.1,92.748,Small/Mid
FL,Flagler County,266.9,251.7,105.015,0.584,Sales/Office,0.133,0.132,62.83,0.043,553.4,20.81,Small/Mid
FL,Franklin County,250,233.4,11.675,0.446,Mgmt/Bus/Art,0.201,0.189,47.5,0.047,187.9,91.555,Rural
FL,Gadsden County,240.9,218.3,46.113,0.434,Mgmt/Bus/Art,0.244,0.153,42.98,0.049,480.7,74.203,Small/Mid
FL,Gilchrist County,254.1,237.5,17.191,0.446,Sales/Office,0.198,0.181,46.17,0.048,365.2,34.855,Small/Mid
FL,Glades County,239.3,222.9,13.197,0.341,Mgmt/Bus/Art,0.18,0.216,45.41,0.056,225.1,434.573,Rural
FL,Gulf County,252.5,236.9,16.018,0.477,Mgmt/Bus/Art,0.149,0.14,53.23,0.031,182.9,54.743,Small/Mid
FL,Hamilton County,232.7,212.4,14.238,0.343,Mgmt/Bus/Art,0.266,0.136,39.24,0.059,275.2,47.423,Rural
FL,Hardee County,226.9,207.6,27.326,0.28,Mgmt/Bus/Art,0.245,0.155,41.43,0.059,376.7,57.834,Rural
FL,Hendry County,225.8,206.9,39.064,0.321,NatResCon,0.255,0.273,45.11,0.059,262.9,67.667,Rural
FL,Hernando County,260.2,245.4,179.144,0.51,Sales/Office,0.143,0.132,50.71,0.059,378.9,52.144,Suburban
FL,Highlands County,252,235.3,100.177,0.473,Mgmt/Bus/Art,0.187,0.142,45.72,0.079,275,76.184,Small/Mid
FL,Hillsborough County,260.7,244.1,1351.087,0.61,Mgmt/Bus/Art,0.157,0.139,61.13,0.051,270.7,31.54,Urban
FL,Holmes County,245.4,228.5,19.483,0.371,Mgmt/Bus/Art,0.266,0.187,38.87,0.067,253,64.767,Rural
FL,Indian River County,264.1,250.1,147.981,0.576,Mgmt/Bus/Art,0.127,0.137,61.17,0.059,374.1,52.512,Small/Mid
FL,Jackson County,245.6,228.4,48.571,0.44,Mgmt/Bus/Art,0.216,0.119,40.54,0.062,227.2,64.054,Rural
FL,Jefferson County,251.4,236.1,14.085,0.48,Mgmt/Bus/Art,0.139,0.078,47.19,0.042,212.9,39.406,Small/Mid
FL,Lafayette County,241.4,225.6,8.684,0.354,Mgmt/Bus/Art,0.178,0.197,45.48,0.063,507.6,33.761,Rural
FL,Lake County,261.7,246.9,326.215,0.554,Mgmt/Bus/Art,0.128,0.122,57.66,0.052,153.3,40.012,Suburban
FL,Lee County,259.9,244.5,700.165,0.565,Mgmt/Bus/Art,0.149,0.156,62.36,0.052,281.9,42.449,Small/Mid
FL,Leon County,274.9,258.6,285.89,0.746,Mgmt/Bus/Art,0.205,0.091,55.08,0.067,269.2,52.063,Small/Mid
FL,Levy County,249.8,232.2,39.713,0.422,Sales/Office,0.219,0.166,41.41,0.056,573,55.251,Rural
FL,Liberty County,237.7,219.1,8.347,0.309,Service,0.178,0.217,44.24,0.044,1154.1,84.76,Rural
FL,Madison County,244.8,222.8,18.518,0.437,Mgmt/Bus/Art,0.319,0.14,37.92,0.043,216.6,40.479,Rural
FL,Manatee County,263.7,249.2,363.542,0.583,Mgmt/Bus/Art,0.134,0.139,64.15,0.049,567.2,46.198,Small/Mid
FL,Marion County,255.6,238.8,343.778,0.498,Sales/Office,0.176,0.135,49.08,0.06,464.3,63.193,Small/Mid
FL,Martin County,270.6,257.9,155.719,0.643,Mgmt/Bus/Art,0.109,0.123,70.81,0.048,431.7,53.244,Small/Mid
FL,Miami-Dade County,236.3,215.5,2702.602,0.528,Mgmt/Bus/Art,0.19,0.207,54.99,0.055,220.1,22.249,Urban
FL,Monroe County,264.4,249,76.745,0.634,Mgmt/Bus/Art,0.127,0.193,67.53,0.029,370,112.196,Rural
FL,Nassau County,270.3,257,78.435,0.583,Mgmt/Bus/Art,0.114,0.124,72.82,0.042,233.9,57.914,Suburban
FL,Okaloosa County,272.5,259.4,197.591,0.664,Mgmt/Bus/Art,0.115,0.136,63.52,0.042,366.7,57.104,Small/Mid
FL,Okeechobee County,237.3,220.2,40.228,0.356,Service,0.223,0.186,45.23,0.055,459.2,94.151,Rural
FL,Orange County,261.3,246.3,1290.216,0.631,Mgmt/Bus/Art,0.167,0.162,63.13,0.051,561.2,26.69,Urban
FL,Osceola County,245.3,225.9,325.168,0.538,Sales/Office,0.178,0.184,52.27,0.047,310.9,35.163,Suburban
FL,Palm Beach County,262.6,247.2,1426.772,0.631,Mgmt/Bus/Art,0.134,0.148,66.62,0.059,389.7,21.259,Suburban
FL,Pasco County,264.1,249.7,498.136,0.556,Mgmt/Bus/Art,0.136,0.128,55.75,0.049,321.2,53.123,Suburban
FL,Pinellas County,268.9,254.1,949.842,0.622,Mgmt/Bus/Art,0.137,0.126,56.71,0.048,345.5,48.686,Urban
FL,Polk County,251.9,235,652.256,0.488,Mgmt/Bus/Art,0.173,0.144,51.82,0.054,288.2,57.864,Small/Mid
FL,Putnam County,243.5,224.1,72.435,0.394,Sales/Office,0.276,0.168,41.99,0.065,256.6,72.346,Rural
FL,St. Johns County,283.5,272.6,226.578,0.731,Mgmt/Bus/Art,0.091,0.088,90.84,0.039,154.1,26.735,Small/Mid
FL,St. Lucie County,253.5,236.2,298.763,0.522,Mgmt/Bus/Art,0.166,0.155,57.29,0.054,262.5,65.52,Small/Mid
FL,Santa Rosa County,274.8,262.8,166.778,0.635,Mgmt/Bus/Art,0.113,0.113,66.14,0.043,145.2,61.117,Suburban
FL,Sarasota County,271.5,258.5,404.839,0.63,Mgmt/Bus/Art,0.105,0.121,66.26,0.041,219.4,44.92,Suburban
FL,Seminole County,276.4,262.8,449.26,0.722,Mgmt/Bus/Art,0.118,0.113,69.95,0.05,276.6,27.684,Small/Mid
FL,Sumter County,271.7,259.5,116.754,0.615,Mgmt/Bus/Art,0.092,0.065,63.46,0.033,193.6,94.145,Small/Mid
FL,Suwannee County,246,229,43.814,0.405,Service,0.204,0.143,49.45,0.059,466.7,61.527,Rural
FL,Taylor County,244.8,228.4,22.35,0.369,Mgmt/Bus/Art,0.164,0.124,42.99,0.03,681.3,79.165,Rural
FL,Union County,240.3,223.4,15.3,0.383,Service,0.214,0.123,50.89,0.038,303.1,20.462,Rural
FL,Volusia County,260.6,245.2,518.66,0.566,Mgmt/Bus/Art,0.161,0.142,53.55,0.046,354.9,43.499,Small/Mid
FL,Wakulla County,261.5,247,31.586,0.514,Mgmt/Bus/Art,0.126,0.113,58.64,0.045,230.5,87.246,Small/Mid
FL,Walton County,266.2,252.7,63.457,0.594,Mgmt/Bus/Art,0.17,0.163,62.6,0.042,204.1,64.412,Small/Mid
FL,Washington County,247.7,230.9,24.472,0.394,Mgmt/Bus/Art,0.21,0.133,42.52,0.062,240.3,50.523,Rural
GA,Appling County,242.7,224.4,18.471,0.35,Mgmt/Bus/Art,0.247,0.175,43.82,0.051,1280.25,58.352,Rural
GA,Atkinson County,233.2,213.4,8.313,0.297,NatResCon,0.274,0.248,38.58,0.059,192.24,3.757,Rural
GA,Bacon County,251.3,232.5,11.279,0.411,Mgmt/Bus/Art,0.232,0.186,41.81,0.02,1402.86,86.746,Rural
GA,Baker County,244.9,226.1,3.251,0.403,Sales/Office,0.195,0.169,39.52,0.016,0,52.356,Small/Mid
GA,Baldwin County,243.8,222.4,45.527,0.457,Mgmt/Bus/Art,0.278,0.124,44.43,0.056,1200.99,63.281,Rural
GA,Banks County,248.4,234.2,18.363,0.351,Mgmt/Bus/Art,0.143,0.17,53.48,0.047,928.66,32.658,Rural
GA,Barrow County,259.2,244.8,75.099,0.491,Sales/Office,0.132,0.155,68.92,0.048,349.73,62.938,Suburban
GA,Bartow County,257.8,243.2,102.623,0.484,Mgmt/Bus/Art,0.142,0.151,60.25,0.044,224.47,92.661,Suburban
GA,Ben Hill County,240.4,217.2,17.272,0.379,Prod/Trans,0.304,0.183,35.93,0.031,1149.49,87.635,Rural
GA,Berrien County,246.6,228.1,19.014,0.388,Mgmt/Bus/Art,0.237,0.225,42.06,0.06,993.46,55.999,Rural
GA,Bibb County,250,228,153.923,0.529,Mgmt/Bus/Art,0.267,0.144,43.07,0.071,691.41,84.025,Small/Mid
GA,Bleckley County,249.1,229.2,12.779,0.426,Mgmt/Bus/Art,0.23,0.117,48.12,0.041,547.86,66.581,Rural
GA,Brantley County,247.4,229.3,18.411,0.334,Mgmt/Bus/Art,0.218,0.211,44.68,0.045,133.44,70.219,Small/Mid
GA,Brooks County,246.3,226.1,15.629,0.428,Mgmt/Bus/Art,0.236,0.194,39.55,0.095,497.9,69.647,Small/Mid
GA,Bryan County,272.3,257.8,34.883,0.649,Mgmt/Bus/Art,0.141,0.122,79.3,0.058,181.32,20.158,Small/Mid
GA,Bulloch County,259.2,239,73.742,0.595,Mgmt/Bus/Art,0.304,0.141,48.79,0.062,554.39,96.461,Rural
GA,Burke County,242.4,219.8,22.645,0.43,Mgmt/Bus/Art,0.292,0.15,42.63,0.038,228.01,95.609,Small/Mid
GA,Butts County,240.9,221.8,23.556,0.344,Mgmt/Bus/Art,0.235,0.13,47.41,0.043,344.99,65.311,Suburban
GA,Calhoun County,228.5,203.7,6.503,0.342,Mgmt/Bus/Art,0.322,0.188,34.96,0.062,280.81,56.054,Rural
GA,Camden County,266.9,251.2,52.252,0.603,Mgmt/Bus/Art,0.127,0.122,58.55,0.054,236.42,32.65,Rural
GA,Candler County,242.2,221.8,10.894,0.405,Sales/Office,0.315,0.193,41.67,0.043,660.77,37.764,Rural
GA,Carroll County,254.8,238.2,114.898,0.48,Mgmt/Bus/Art,0.186,0.138,59.19,0.067,350.63,70.677,Suburban
GA,Catoosa County,269.2,256.9,65.87,0.545,Mgmt/Bus/Art,0.108,0.13,60.75,0.042,163.22,55.461,Small/Mid
GA,Charlton County,238.9,219.2,12.963,0.348,Mgmt/Bus/Art,0.231,0.195,42.89,0.057,915.19,90.828,Rural
GA,Chatham County,261.5,243.7,285.506,0.652,Mgmt/Bus/Art,0.173,0.155,57.12,0.065,461.1,92.02,Small/Mid
GA,Chattahoochee County,274.1,258.6,11.096,0.664,Military,0.15,0.091,46.11,0.047,459,90.828,Small/Mid
GA,Chattooga County,244.7,229.1,24.88,0.342,Prod/Trans,0.225,0.157,41.56,0.057,44.79,31.532,Rural
GA,Cherokee County,276,263.8,235.896,0.669,Mgmt/Bus/Art,0.094,0.118,88.64,0.038,70.61,41.566,Suburban
GA,Clarke County,261.5,241,123.554,0.655,Mgmt/Bus/Art,0.341,0.147,41.04,0.051,37.43,52.028,Small/Mid
GA,Clay County,231.4,201.2,3.024,0.38,NatResCon,0.414,0.248,24.73,0.127,375.81,65.337,Rural
GA,Clayton County,240.8,216.6,274.15,0.51,Sales/Office,0.219,0.21,50.74,0.077,629.99,95.578,Suburban
GA,Clinch County,239.7,217.4,6.788,0.394,Mgmt/Bus/Art,0.395,0.219,42.93,0.053,1162.79,21.572,Rural
GA,Cobb County,274.1,259.5,739.072,0.723,Mgmt/Bus/Art,0.109,0.141,79.62,0.047,223.62,41.41,Suburban
GA,Coffee County,243.1,223.2,43.048,0.402,Mgmt/Bus/Art,0.239,0.215,41.68,0.034,598.08,96.882,Rural
GA,Colquitt County,235.2,215.3,45.89,0.348,Mgmt/Bus/Art,0.254,0.257,41.9,0.051,395.42,146.277,Rural
GA,Columbia County,276,263.1,143.723,0.676,Mgmt/Bus/Art,0.086,0.082,88.29,0.04,48.23,25.893,Small/Mid
GA,Cook County,245.7,226.3,17.19,0.415,Mgmt/Bus/Art,0.242,0.206,40.67,0.04,695.37,88.249,Rural
GA,Coweta County,266.2,251.9,138.015,0.59,Mgmt/Bus/Art,0.116,0.102,79.23,0.042,197.04,59.273,Suburban
GA,Crawford County,255.2,238.1,12.385,0.475,Mgmt/Bus/Art,0.181,0.123,50.41,0.082,229.02,17.614,Small/Mid
GA,Crisp County,240.2,216.8,23.005,0.404,Mgmt/Bus/Art,0.312,0.179,40.48,0.104,1181.68,106.728,Rural
GA,Dade County,255.8,242.3,16.282,0.45,Mgmt/Bus/Art,0.175,0.153,45.99,0.03,37.02,75.124,Small/Mid
GA,Dawson County,272.3,260.5,23.397,0.582,Mgmt/Bus/Art,0.118,0.116,69.16,0.044,129.83,70.28,Suburban
GA,Decatur County,245.6,224.7,27.023,0.448,Mgmt/Bus/Art,0.241,0.186,40.47,0.04,1041.04,184.626,Rural
GA,DeKalb County,262.5,244.2,736.066,0.676,Mgmt/Bus/Art,0.176,0.16,63.61,0.067,977.15,35.634,Suburban
GA,Dodge County,249,229.8,21.063,0.41,Mgmt/Bus/Art,0.222,0.132,41.12,0.055,1026.91,101.017,Rural
GA,Dooly County,233,212.2,14.053,0.345,Prod/Trans,0.232,0.17,37.11,0.058,398.23,46.434,Rural
GA,Dougherty County,244.1,219.5,91.522,0.536,Mgmt/Bus/Art,0.305,0.18,36.89,0.108,964.59,113.973,Small/Mid
GA,Douglas County,257.7,239.1,140.152,0.568,Mgmt/Bus/Art,0.142,0.144,62.92,0.06,304.91,76.882,Suburban
GA,Early County,245.3,223.2,10.405,0.441,Mgmt/Bus/Art,0.275,0.18,40.01,0.055,1306.23,69.344,Rural
GA,Echols County,237.9,220,4.011,0.344,NatResCon,0.282,0.252,40.41,0.037,25.54,77.979,Small/Mid
GA,Effingham County,263.4,249.4,57.087,0.495,Mgmt/Bus/Art,0.096,0.11,71.63,0.037,103.24,83.814,Small/Mid
GA,Elbert County,241.3,221.5,19.288,0.334,Prod/Trans,0.224,0.144,40.96,0.052,834.43,53.137,Rural
GA,Emanuel County,239.1,216.7,22.502,0.368,Mgmt/Bus/Art,0.292,0.198,38.53,0.068,627.31,68.767,Rural
GA,Evans County,240.1,220.2,10.757,0.37,Mgmt/Bus/Art,0.26,0.157,41.43,0.043,354.48,33.198,Rural
GA,Fannin County,260.9,246.5,24.48,0.482,Mgmt/Bus/Art,0.158,0.139,47.98,0.055,337,37.19,Rural
GA,Fayette County,282.7,270.6,110.306,0.745,Mgmt/Bus/Art,0.063,0.073,94.56,0.041,75.12,35.847,Suburban
GA,Floyd County,253.7,238.1,96.471,0.487,Mgmt/Bus/Art,0.181,0.145,50.52,0.054,269.48,169.284,Small/Mid
GA,Forsyth County,286.5,276.8,211.3,0.757,Mgmt/Bus/Art,0.065,0.095,113.33,0.032,47.04,12.154,Suburban
GA,Franklin County,248.5,231,22.328,0.382,Mgmt/Bus/Art,0.254,0.177,47.69,0.039,550.55,72.244,Rural
GA,Fulton County,271.7,254.9,1010.42,0.734,Mgmt/Bus/Art,0.16,0.122,79.24,0.058,533.27,39.698,Urban
GA,Gilmer County,253,237.2,29.614,0.461,Mgmt/Bus/Art,0.188,0.21,57.01,0.052,636.18,55.799,Rural
GA,Glascock County,252.5,239.5,3.027,0.352,Mgmt/Bus/Art,0.115,0.112,49.35,0.024,294.7,90.828,Rural
GA,Glynn County,261.1,243.8,83.467,0.603,Mgmt/Bus/Art,0.192,0.155,58.02,0.051,429.38,77.292,Small/Mid
GA,Gordon County,252.3,236.9,56.424,0.422,Prod/Trans,0.188,0.164,53.37,0.041,668.97,83.581,Rural
GA,Grady County,245.2,225.6,25.048,0.415,Mgmt/Bus/Art,0.254,0.191,42.6,0.058,759.84,52.886,Rural
GA,Greene County,248.7,229.4,16.732,0.497,Mgmt/Bus/Art,0.219,0.152,60.97,0.042,332.55,58.128,Rural
GA,Gwinnett County,263.6,247.6,889.954,0.644,Mgmt/Bus/Art,0.121,0.183,72.23,0.045,209.58,45.202,Suburban
GA,Habersham County,252.7,238.3,43.878,0.442,Mgmt/Bus/Art,0.172,0.175,51.3,0.037,586.13,51.193,Rural
GA,Hall County,253.5,238.6,192.865,0.507,Mgmt/Bus/Art,0.161,0.183,66.7,0.035,215,70.022,Small/Mid
GA,Hancock County,217.5,193.2,8.667,0.28,Service,0.3,0.091,31.72,0.015,605.13,72.843,Rural
GA,Haralson County,255.2,241.2,28.722,0.422,Mgmt/Bus/Art,0.18,0.129,49.02,0.05,631.98,47.986,Suburban
GA,Harris County,274.9,263.4,33.198,0.646,Mgmt/Bus/Art,0.073,0.093,74.05,0.066,143.66,88.195,Small/Mid
GA,Hart County,251.8,235.1,25.535,0.42,Mgmt/Bus/Art,0.188,0.136,50.65,0.031,681.54,28.229,Rural
GA,Heard County,247,230.5,11.607,0.354,Prod/Trans,0.174,0.159,48.98,0.069,153.94,61.842,Suburban
GA,Henry County,262.9,245.8,217.506,0.599,Mgmt/Bus/Art,0.114,0.117,72.93,0.057,159.74,46.437,Suburban
GA,Houston County,265.1,247.7,150.341,0.618,Mgmt/Bus/Art,0.167,0.139,65.64,0.056,407.5,41.858,Small/Mid
GA,Irwin County,248.3,228.4,9.278,0.414,Mgmt/Bus/Art,0.245,0.175,42.32,0.045,736.63,1531.782,Rural
GA,Jackson County,261.1,247.8,63.851,0.498,Mgmt/Bus/Art,0.125,0.136,66.65,0.047,273.28,58.026,Rural
GA,Jasper County,247.7,231.6,13.732,0.381,Mgmt/Bus/Art,0.194,0.14,59.21,0.05,451.71,37.305,Suburban
GA,Jeff Davis County,247.2,230.3,14.999,0.406,Mgmt/Bus/Art,0.206,0.177,40.6,0.031,660.66,85.571,Rural
GA,Jefferson County,232.5,209.7,15.954,0.33,Prod/Trans,0.269,0.18,35.38,0.053,1016.25,68.607,Rural
GA,Jenkins County,235.4,212.5,8.929,0.363,Mgmt/Bus/Art,0.307,0.177,32.81,0.039,611.9,2019.397,Rural
GA,Johnson County,238.6,219.4,9.8,0.324,Prod/Trans,0.215,0.175,37.77,0.084,347,50.023,Rural
GA,Jones County,261.6,245,28.54,0.499,Mgmt/Bus/Art,0.142,0.117,56.82,0.063,98.63,68.546,Small/Mid
GA,Lamar County,253.3,234.1,18.282,0.479,Mgmt/Bus/Art,0.208,0.167,57.4,0.075,241.78,60.654,Suburban
GA,Lanier County,250.9,231.8,10.388,0.466,Mgmt/Bus/Art,0.287,0.175,42.67,0.06,382.63,90.828,Small/Mid
GA,Laurens County,244.3,222.1,47.451,0.396,Mgmt/Bus/Art,0.273,0.129,42.02,0.032,1083.03,75.548,Rural
GA,Lee County,270.7,256.9,29.216,0.599,Mgmt/Bus/Art,0.116,0.107,72.43,0.052,189.4,37.632,Small/Mid
GA,Liberty County,258.6,239.1,62.12,0.596,Mgmt/Bus/Art,0.166,0.127,51.41,0.073,486.01,53.589,Small/Mid
GA,Lincoln County,245.8,225.6,7.768,0.391,Sales/Office,0.23,0.132,45.3,0.043,292.88,121.39,Small/Mid
GA,Long County,258.3,240.1,17.857,0.557,Mgmt/Bus/Art,0.2,0.18,52.05,0.107,96.48,90.828,Small/Mid
GA,Lowndes County,254.3,234.6,113.941,0.55,Mgmt/Bus/Art,0.25,0.167,46.45,0.059,226.48,77.967,Small/Mid
GA,Lumpkin County,262.6,248.5,31.567,0.544,Mgmt/Bus/Art,0.201,0.135,57.08,0.042,292.22,65.654,Rural
GA,McDuffie County,244.4,223.3,21.488,0.415,Mgmt/Bus/Art,0.26,0.152,44.47,0.056,419.53,56.628,Rural
GA,McIntosh County,250.6,231.6,14.061,0.468,Sales/Office,0.203,0.163,46.68,0.067,340,99.803,Small/Mid
GA,Macon County,232.5,210,13.675,0.39,Prod/Trans,0.286,0.206,34.63,0.097,47.66,31.596,Small/Mid
GA,Madison County,256.5,241,28.6,0.445,Mgmt/Bus/Art,0.176,0.146,52.33,0.057,233.49,46.911,Small/Mid
GA,Marion County,246.2,227.8,8.558,0.401,Mgmt/Bus/Art,0.231,0.13,41.19,0.071,263.33,41.849,Small/Mid
GA,Meriwether County,242.8,223.5,21.152,0.38,Mgmt/Bus/Art,0.227,0.145,43.57,0.055,377.99,72.191,Suburban
GA,Miller County,247.2,227.7,5.884,0.431,Mgmt/Bus/Art,0.233,0.136,41.77,0.039,812.31,68.575,Rural
GA,Mitchell County,236.6,214.4,22.574,0.381,Mgmt/Bus/Art,0.271,0.196,37.38,0.098,987.18,166.203,Rural
GA,Monroe County,257.6,242.1,26.795,0.484,Mgmt/Bus/Art,0.133,0.123,70.49,0.064,121.33,106.931,Small/Mid
GA,Montgomery County,247.8,229.8,8.962,0.43,Mgmt/Bus/Art,0.195,0.144,43.66,0.043,1678.15,90.828,Rural
GA,Morgan County,260.8,245,18.013,0.519,Mgmt/Bus/Art,0.134,0.128,67.09,0.044,59.61,58.798,Suburban
GA,Murray County,245.2,232.1,39.444,0.305,Prod/Trans,0.18,0.18,50.06,0.052,110.72,40.597,Small/Mid
GA,Muscogee County,257.5,237.6,198.647,0.597,Mgmt/Bus/Art,0.217,0.137,47.04,0.066,575.37,123.992,Small/Mid
GA,Newton County,254.5,236,105.042,0.526,Mgmt/Bus/Art,0.167,0.129,58.22,0.066,338.37,67.134,Suburban
GA,Oconee County,285.7,275.2,35.972,0.734,Mgmt/Bus/Art,0.069,0.076,100.88,0.032,59.36,16.051,Small/Mid
GA,Oglethorpe County,252.1,237.1,14.654,0.419,Mgmt/Bus/Art,0.176,0.132,54.35,0.041,269.41,90.828,Small/Mid
GA,Paulding County,267.4,252.9,152.399,0.571,Mgmt/Bus/Art,0.097,0.116,76.58,0.039,143.51,18.523,Suburban
GA,Peach County,254.5,235.3,27.027,0.55,Mgmt/Bus/Art,0.187,0.144,49.82,0.057,2210.93,39.547,Small/Mid
GA,Pickens County,268.4,257.6,30.343,0.549,Mgmt/Bus/Art,0.098,0.123,66.18,0.047,273.19,55.142,Suburban
GA,Pierce County,252.6,235.5,19.141,0.417,Mgmt/Bus/Art,0.21,0.171,46.7,0.043,1928.55,52.784,Rural
GA,Pike County,262.9,247.5,17.919,0.479,Mgmt/Bus/Art,0.123,0.146,74.91,0.063,104.25,12.272,Suburban
GA,Polk County,246.5,230.4,41.444,0.385,Prod/Trans,0.19,0.16,47.9,0.052,1202.33,68.971,Rural
GA,Pulaski County,242.6,222.7,11.396,0.4,Mgmt/Bus/Art,0.218,0.173,42.27,0.033,1146.83,41.877,Small/Mid
GA,Putnam County,252.7,234.7,21.43,0.49,Mgmt/Bus/Art,0.162,0.16,62.28,0.049,693.74,54.691,Rural
GA,Quitman County,231.7,212,2.14,0.317,Prod/Trans,0.228,0.185,35.52,0.09,0,65.357,Rural
GA,Rabun County,258.4,242.2,16.354,0.504,Mgmt/Bus/Art,0.203,0.218,46.64,0.039,529.58,67.289,Rural
GA,Randolph County,232.9,208.8,7.206,0.386,Mgmt/Bus/Art,0.351,0.177,33.51,0.064,444,65.329,Rural
GA,Richmond County,247.4,225.8,201.568,0.522,Mgmt/Bus/Art,0.242,0.144,44.81,0.076,304.15,85.456,Small/Mid
GA,Rockdale County,252.5,232.4,88.482,0.547,Mgmt/Bus/Art,0.163,0.155,60.28,0.062,290.53,56.363,Suburban
GA,Schley County,251.6,233.5,5.168,0.468,Mgmt/Bus/Art,0.222,0.165,51.13,0.103,344.04,9.11,Rural
GA,Screven County,245.3,224.6,14.037,0.411,Mgmt/Bus/Art,0.226,0.158,42.33,0.036,1155.23,68.34,Rural
GA,Seminole County,245.7,224.1,8.549,0.431,Mgmt/Bus/Art,0.255,0.18,38.62,0.043,401.66,102.574,Rural
GA,Spalding County,247.2,228.1,64.192,0.424,Mgmt/Bus/Art,0.216,0.156,49.24,0.056,603.56,198.315,Suburban
GA,Stephens County,254.3,238.6,25.625,0.456,Mgmt/Bus/Art,0.181,0.152,45.42,0.083,775.01,83.405,Rural
GA,Stewart County,219.3,194.1,5.832,0.274,Mgmt/Bus/Art,0.415,0.151,34.57,0.041,0,199.957,Rural
GA,Sumter County,241.7,218.5,30.687,0.45,Mgmt/Bus/Art,0.334,0.141,40.25,0.067,1265.09,243.623,Rural
GA,Talbot County,235.7,214.9,6.423,0.362,Prod/Trans,0.169,0.136,41.05,0.055,601.14,20.46,Rural
GA,Taliaferro County,218,193.3,1.844,0.217,Prod/Trans,0.31,0.178,37.05,0.05,0,51.414,Rural
GA,Tattnall County,238.1,219.2,25.402,0.354,Mgmt/Bus/Art,0.237,0.154,41.46,0.016,621.44,53.204,Rural
GA,Taylor County,240.7,219.7,8.267,0.408,Mgmt/Bus/Art,0.282,0.19,28.23,0.09,559.63,86.512,Rural
GA,Telfair County,223.4,201.4,16.339,0.23,Prod/Trans,0.277,0.152,36.26,0.019,6.3,23.736,Rural
GA,Terrell County,237.1,212.7,8.978,0.444,Sales/Office,0.353,0.207,37.12,0.07,267.32,59.036,Small/Mid
GA,Thomas County,253.2,235.3,44.909,0.513,Mgmt/Bus/Art,0.195,0.159,47.98,0.066,890.42,87.203,Rural
GA,Tift County,248.6,227.6,40.531,0.474,Mgmt/Bus/Art,0.278,0.197,47.76,0.026,1035.2,85.45,Rural
GA,Toombs County,244.9,224.6,27.16,0.418,Mgmt/Bus/Art,0.244,0.209,41.44,0.073,862.1,55.008,Rural
GA,Towns County,268.1,254.5,11.173,0.587,Mgmt/Bus/Art,0.147,0.129,49.02,0.042,343.91,42.899,Rural
GA,Treutlen County,242.5,224.5,6.752,0.406,Service,0.21,0.186,37.48,0.038,119.3,51.534,Rural
GA,Troup County,252.7,233.8,69.433,0.481,Mgmt/Bus/Art,0.213,0.133,47.3,0.064,319.77,111.43,Rural
GA,Turner County,239.3,218.1,8.036,0.388,Mgmt/Bus/Art,0.279,0.166,35.4,0.047,447.51,86.754,Rural
GA,Twiggs County,232.2,212.6,8.323,0.304,Sales/Office,0.273,0.165,44.08,0.032,186.29,90.828,Small/Mid
GA,Union County,267.5,254,22.262,0.541,Mgmt/Bus/Art,0.128,0.121,57.05,0.034,59,47.703,Rural
GA,Upson County,248.4,230.4,26.241,0.422,Mgmt/Bus/Art,0.227,0.149,40.93,0.075,261.98,76.267,Rural
GA,Walker County,258.5,244.1,68.609,0.443,Mgmt/Bus/Art,0.172,0.143,47.55,0.049,521.69,45.435,Small/Mid
GA,Walton County,260.3,244.9,88.695,0.487,Mgmt/Bus/Art,0.128,0.121,67.01,0.051,197.68,66.376,Suburban
GA,Ware County,247.4,227,35.688,0.41,Mgmt/Bus/Art,0.248,0.164,37.64,0.028,458.88,188,Rural
GA,Warren County,232.8,209.6,5.41,0.312,Sales/Office,0.268,0.164,37.31,0.051,306.04,56.61,Rural
GA,Washington County,236.6,213.9,20.506,0.369,Mgmt/Bus/Art,0.271,0.144,41.67,0.059,233.08,25.814,Rural
GA,Wayne County,249.2,230.8,29.833,0.415,Mgmt/Bus/Art,0.213,0.188,47.38,0.058,578.64,80.781,Rural
GA,Webster County,238.4,217.4,2.627,0.319,Mgmt/Bus/Art,0.195,0.097,41.55,0.029,77.64,243.59,Rural
GA,Wheeler County,229.8,205.8,7.952,0.271,Prod/Trans,0.293,0.219,35.93,0.033,12.55,26.657,Rural
GA,White County,264.2,250.2,28.509,0.535,Mgmt/Bus/Art,0.177,0.139,54.79,0.027,131.17,50.447,Rural
GA,Whitfield County,242.2,227.7,103.963,0.4,Prod/Trans,0.192,0.197,53.12,0.06,241.57,71.001,Small/Mid
GA,Wilcox County,235.2,213.6,8.896,0.309,Mgmt/Bus/Art,0.218,0.164,38.26,0.033,57.33,44.712,Rural
GA,Wilkes County,236.6,214.8,9.905,0.37,Prod/Trans,0.265,0.161,39.72,0.051,234.96,51.374,Rural
GA,Wilkinson County,239.7,216.7,9.147,0.305,Sales/Office,0.233,0.101,43.9,0.054,203.05,53.648,Rural
GA,Worth County,245.6,227.4,20.809,0.39,Mgmt/Bus/Art,0.215,0.174,43.14,0.066,634.47,37.063,Small/Mid
